{"(0.0, 0.1)": {"mse_n": 3.06353591160221, "mse_max_dominance": 700.2493963392155, "words_removed": 0}, "(0.0, 0.3)": {"mse_n": 3.06353591160221, "mse_max_dominance": 700.2493963392155, "words_removed": 0}, "(0.0, 0.5)": {"mse_n": 3.06353591160221, "mse_max_dominance": 700.2493963392155, "words_removed": 0}, "(0.0, 1.0)": {"mse_n": 3.06353591160221, "mse_max_dominance": 700.2493963392155, "words_removed": 0}, "(0.1, 0.1)": {"mse_n": 2.8121387283236996, "mse_max_dominance": 671.9911405785147, "words_removed": 16}, "(0.1, 0.3)": {"mse_n": 2.838440111420613, "mse_max_dominance": 684.0020716163573, "words_removed": 3}, "(0.1, 0.5)": {"mse_n": 2.8254847645429364, "mse_max_dominance": 689.6364922376107, "words_removed": 1}, "(0.1, 1.0)": {"mse_n": 2.8287292817679557, "mse_max_dominance": 693.5767229220371, "words_removed": 0}, "(0.3, 0.1)": {"mse_n": 2.502008032128514, "mse_max_dominance": 596.6458283193525, "words_removed": 113}, "(0.3, 0.3)": {"mse_n": 2.4334470989761092, "mse_max_dominance": 606.3093817821737, "words_removed": 69}, "(0.3, 0.5)": {"mse_n": 2.405144694533762, "mse_max_dominance": 628.0744810402825, "words_removed": 51}, "(0.3, 1.0)": {"mse_n": 2.326647564469914, "mse_max_dominance": 636.5603309083825, "words_removed": 13}, "(0.5, 0.1)": {"mse_n": 2.4404761904761907, "mse_max_dominance": 517.5261669548557, "words_removed": 278}, "(0.5, 0.3)": {"mse_n": 2.32, "mse_max_dominance": 514.8817212455006, "words_removed": 237}, "(0.5, 0.5)": {"mse_n": 2.0903614457831323, "mse_max_dominance": 531.726861338268, "words_removed": 196}, "(0.5, 1.0)": {"mse_n": 1.820945945945946, "mse_max_dominance": 639.21455683229, "words_removed": 66}}