{"(0.0, 0.1)": {"mse_n": 8.577868852459016, "mse_max_dominance": 662.0684694116344, "words_removed": 0}, "(0.0, 0.3)": {"mse_n": 8.577868852459016, "mse_max_dominance": 662.0684694116344, "words_removed": 0}, "(0.0, 0.5)": {"mse_n": 8.577868852459016, "mse_max_dominance": 662.0684694116344, "words_removed": 0}, "(0.0, 1.0)": {"mse_n": 8.577868852459016, "mse_max_dominance": 662.0684694116344, "words_removed": 0}, "(0.1, 0.1)": {"mse_n": 7.441241685144124, "mse_max_dominance": 626.9025082040115, "words_removed": 37}, "(0.1, 0.3)": {"mse_n": 7.469979296066253, "mse_max_dominance": 631.3332381023894, "words_removed": 5}, "(0.1, 0.5)": {"mse_n": 7.44672131147541, "mse_max_dominance": 629.6317969580148, "words_removed": 0}, "(0.1, 1.0)": {"mse_n": 7.44672131147541, "mse_max_dominance": 629.6317969580148, "words_removed": 0}, "(0.3, 0.1)": {"mse_n": 6.042471042471043, "mse_max_dominance": 529.7622441692566, "words_removed": 229}, "(0.3, 0.3)": {"mse_n": 5.741573033707865, "mse_max_dominance": 538.9298312583326, "words_removed": 132}, "(0.3, 0.5)": {"mse_n": 5.6, "mse_max_dominance": 557.0995916533739, "words_removed": 93}, "(0.3, 1.0)": {"mse_n": 5.097713097713098, "mse_max_dominance": 608.5535470862297, "words_removed": 7}, "(0.5, 0.1)": {"mse_n": 6.260869565217392, "mse_max_dominance": 361.2394245198745, "words_removed": 419}, "(0.5, 0.3)": {"mse_n": 5.633802816901408, "mse_max_dominance": 452.35497509554233, "words_removed": 346}, "(0.5, 0.5)": {"mse_n": 4.845454545454546, "mse_max_dominance": 559.4944181121776, "words_removed": 268}, "(0.5, 1.0)": {"mse_n": 3.2190889370932756, "mse_max_dominance": 688.781327366259, "words_removed": 27}}